{
  "batch_size": 64,
  "continuous_dim": 151,
  "dropout_rate": 0.08,
  "embedding_dim": 3,
  "hidden_dim": 65,
  "lr": 0.00817869132872209,
  "num_embeddings": 17402,
  "num_epochs": 50,
  "num_gpus": 0,
  "num_layers": 4,
  "weight_decay": 0.00016863115909812324
}