{
  "batch_size": 256,
  "continuous_dim": 151,
  "dropout_rate": 0.47,
  "embedding_dim": 3,
  "hidden_dim": 145,
  "lr": 2.734274771764107e-06,
  "num_embeddings": 17402,
  "num_epochs": 50,
  "num_gpus": 0,
  "num_layers": 4,
  "weight_decay": 0.0008225971167451584
}