{
  "batch_size": 256,
  "continuous_dim": 151,
  "dropout_rate": 0.19,
  "embedding_dim": 6,
  "hidden_dim": 145,
  "lr": 0.00019522114578902962,
  "num_embeddings": 17402,
  "num_epochs": 50,
  "num_gpus": 0,
  "num_layers": 3,
  "weight_decay": 0.0002368662275751501
}