{
  "batch_size": 16,
  "continuous_dim": 151,
  "dropout_rate": 0.51,
  "embedding_dim": 4,
  "hidden_dim": 145,
  "lr": 0.00017168217882281733,
  "num_embeddings": 17402,
  "num_epochs": 50,
  "num_gpus": 0,
  "num_layers": 2,
  "weight_decay": 1.0090965222196923e-05
}