{
  "batch_size": 32,
  "continuous_dim": 151,
  "dropout_rate": 0.01,
  "embedding_dim": 6,
  "hidden_dim": 95,
  "lr": 0.00019173068234937618,
  "num_embeddings": 17402,
  "num_epochs": 50,
  "num_gpus": 0,
  "num_layers": 5,
  "weight_decay": 0.0002593273156165079
}