{
  "batch_size": 256,
  "continuous_dim": 151,
  "dropout_rate": 0.38,
  "embedding_dim": 5,
  "hidden_dim": 185,
  "lr": 0.00012331568948027833,
  "num_embeddings": 17402,
  "num_epochs": 50,
  "num_gpus": 0,
  "num_layers": 1,
  "weight_decay": 1.5844927914650258e-05
}