{
  "batch_size": 64,
  "continuous_dim": 151,
  "dropout_rate": 0.21,
  "embedding_dim": 7,
  "hidden_dim": 185,
  "lr": 0.00038040691357672313,
  "num_embeddings": 17402,
  "num_epochs": 50,
  "num_gpus": 0,
  "num_layers": 3,
  "weight_decay": 0.0004252533763239932
}