{
  "batch_size": 32,
  "continuous_dim": 151,
  "dropout_rate": 0.53,
  "embedding_dim": 2,
  "hidden_dim": 5,
  "lr": 0.00011198568941592084,
  "num_embeddings": 17402,
  "num_epochs": 50,
  "num_gpus": 0,
  "num_layers": 1,
  "weight_decay": 1.665331721163312e-05
}