{
  "batch_size": 32,
  "continuous_dim": 151,
  "dropout_rate": 0.39,
  "embedding_dim": 1,
  "hidden_dim": 25,
  "lr": 2.7523277902751228e-06,
  "num_embeddings": 17402,
  "num_epochs": 50,
  "num_gpus": 0,
  "num_layers": 2,
  "weight_decay": 0.00015096917653604263
}