{
  "batch_size": 16,
  "continuous_dim": 151,
  "dropout_rate": 0.14,
  "embedding_dim": 4,
  "hidden_dim": 185,
  "lr": 6.681814705998639e-06,
  "num_embeddings": 17402,
  "num_epochs": 50,
  "num_gpus": 0,
  "num_layers": 4,
  "weight_decay": 1.6463630156044182e-05
}