{
  "batch_size": 32,
  "continuous_dim": 151,
  "dropout_rate": 0.25,
  "embedding_dim": 2,
  "hidden_dim": 35,
  "lr": 0.00015755710674577827,
  "num_embeddings": 17402,
  "num_epochs": 50,
  "num_gpus": 0,
  "num_layers": 5,
  "weight_decay": 3.542609787879516e-05
}