{
  "batch_size": 16,
  "continuous_dim": 151,
  "dropout_rate": 0.05,
  "embedding_dim": 2,
  "hidden_dim": 155,
  "lr": 0.0025374732534876525,
  "num_embeddings": 17402,
  "num_epochs": 50,
  "num_gpus": 0,
  "num_layers": 1,
  "weight_decay": 4.140901280537947e-05
}