{
  "batch_size": 8,
  "continuous_dim": 151,
  "dropout_rate": 0.39,
  "embedding_dim": 4,
  "hidden_dim": 165,
  "lr": 0.00012443849449445733,
  "num_embeddings": 17402,
  "num_epochs": 50,
  "num_gpus": 0,
  "num_layers": 4,
  "weight_decay": 3.9179798315505145e-06
}