{
  "batch_size": 64,
  "continuous_dim": 151,
  "dropout_rate": 0.03,
  "embedding_dim": 10,
  "hidden_dim": 85,
  "lr": 0.002581527939042676,
  "num_embeddings": 17402,
  "num_epochs": 50,
  "num_gpus": 0,
  "num_layers": 1,
  "weight_decay": 1.6128065931236513e-06
}