{
  "batch_size": 64,
  "continuous_dim": 151,
  "dropout_rate": 0.17,
  "embedding_dim": 6,
  "hidden_dim": 165,
  "lr": 2.29573207837229e-06,
  "num_embeddings": 17402,
  "num_epochs": 50,
  "num_gpus": 0,
  "num_layers": 4,
  "weight_decay": 1.1208102755725894e-06
}