{
  "batch_size": 32,
  "continuous_dim": 151,
  "dropout_rate": 0.35,
  "embedding_dim": 4,
  "hidden_dim": 85,
  "lr": 1.22013065544196e-05,
  "num_embeddings": 17402,
  "num_epochs": 50,
  "num_gpus": 0,
  "num_layers": 5,
  "weight_decay": 1.2406935587109904e-05
}