{
  "batch_size": 128,
  "continuous_dim": 151,
  "dropout_rate": 0.5,
  "embedding_dim": 6,
  "hidden_dim": 175,
  "lr": 2.9248887830072093e-05,
  "num_embeddings": 17402,
  "num_epochs": 50,
  "num_gpus": 0,
  "num_layers": 1,
  "weight_decay": 1.2443087928707324e-05
}