{
  "batch_size": 16,
  "continuous_dim": 151,
  "dropout_rate": 0.26,
  "embedding_dim": 9,
  "hidden_dim": 115,
  "lr": 0.00012868026325834846,
  "num_embeddings": 17402,
  "num_epochs": 50,
  "num_gpus": 0,
  "num_layers": 1,
  "weight_decay": 1.933272777546503e-06
}