{
  "batch_size": 128,
  "continuous_dim": 151,
  "dropout_rate": 0.04,
  "embedding_dim": 2,
  "hidden_dim": 115,
  "lr": 0.0008762384724314364,
  "num_embeddings": 17402,
  "num_epochs": 50,
  "num_gpus": 0,
  "num_layers": 4,
  "weight_decay": 8.356188663041064e-06
}