{
  "batch_size": 32,
  "continuous_dim": 151,
  "dropout_rate": 0.51,
  "embedding_dim": 5,
  "hidden_dim": 195,
  "lr": 7.510000880191919e-05,
  "num_embeddings": 17402,
  "num_epochs": 50,
  "num_gpus": 0,
  "num_layers": 3,
  "weight_decay": 5.382019703535575e-05
}