{
  "batch_size": 256,
  "continuous_dim": 151,
  "dropout_rate": 0.01,
  "embedding_dim": 2,
  "hidden_dim": 65,
  "lr": 2.07692162579285e-05,
  "num_embeddings": 17402,
  "num_epochs": 50,
  "num_gpus": 0,
  "num_layers": 2,
  "weight_decay": 0.0001972591386601227
}