{
  "batch_size": 16,
  "continuous_dim": 151,
  "dropout_rate": 0.33,
  "embedding_dim": 6,
  "hidden_dim": 105,
  "lr": 0.00016096631558320867,
  "num_embeddings": 17402,
  "num_epochs": 50,
  "num_gpus": 0,
  "num_layers": 2,
  "weight_decay": 0.0002509527281306599
}