{
  "batch_size": 256,
  "continuous_dim": 151,
  "dropout_rate": 0.48,
  "embedding_dim": 2,
  "hidden_dim": 115,
  "lr": 7.040817746539333e-05,
  "num_embeddings": 17402,
  "num_epochs": 50,
  "num_gpus": 0,
  "num_layers": 5,
  "weight_decay": 0.00047249019416156454
}