{
  "batch_size": 256,
  "continuous_dim": 151,
  "dropout_rate": 0.36,
  "embedding_dim": 4,
  "hidden_dim": 5,
  "lr": 0.001374469117816306,
  "num_embeddings": 17402,
  "num_epochs": 50,
  "num_gpus": 0,
  "num_layers": 1,
  "weight_decay": 1.3900422299563473e-05
}