{
  "batch_size": 128,
  "continuous_dim": 151,
  "dropout_rate": 0.38,
  "embedding_dim": 7,
  "hidden_dim": 35,
  "lr": 0.00022232137918641034,
  "num_embeddings": 17402,
  "num_epochs": 50,
  "num_gpus": 0,
  "num_layers": 2,
  "weight_decay": 8.248440671840657e-06
}