{
  "batch_size": 16,
  "continuous_dim": 151,
  "dropout_rate": 0.11,
  "embedding_dim": 5,
  "hidden_dim": 195,
  "lr": 0.003985514721418849,
  "num_embeddings": 17402,
  "num_epochs": 50,
  "num_gpus": 0,
  "num_layers": 4,
  "weight_decay": 4.6787918241660955e-05
}