{
  "batch_size": 128,
  "continuous_dim": 151,
  "dropout_rate": 0.17,
  "embedding_dim": 2,
  "hidden_dim": 175,
  "lr": 0.006794264008048708,
  "num_embeddings": 17402,
  "num_epochs": 50,
  "num_gpus": 0,
  "num_layers": 4,
  "weight_decay": 1.8386581332866346e-05
}