{
  "batch_size": 64,
  "continuous_dim": 151,
  "dropout_rate": 0.39,
  "embedding_dim": 10,
  "hidden_dim": 105,
  "lr": 1.6160631490401611e-06,
  "num_embeddings": 17402,
  "num_epochs": 50,
  "num_gpus": 0,
  "num_layers": 5,
  "weight_decay": 0.00024194717202469484
}