{
  "batch_size": 8,
  "continuous_dim": 151,
  "dropout_rate": 0.28,
  "embedding_dim": 5,
  "hidden_dim": 125,
  "lr": 0.0012097165471666885,
  "num_embeddings": 17402,
  "num_epochs": 50,
  "num_gpus": 0,
  "num_layers": 2,
  "weight_decay": 5.56489170711376e-06
}