{
  "batch_size": 16,
  "continuous_dim": 151,
  "dropout_rate": 0.17,
  "embedding_dim": 1,
  "hidden_dim": 65,
  "lr": 0.00010715229073611402,
  "num_embeddings": 17402,
  "num_epochs": 50,
  "num_gpus": 0,
  "num_layers": 5,
  "weight_decay": 0.0003061417360663051
}