{
  "batch_size": 64,
  "continuous_dim": 151,
  "dropout_rate": 0.32,
  "embedding_dim": 3,
  "hidden_dim": 45,
  "lr": 3.57690782915636e-06,
  "num_embeddings": 17402,
  "num_epochs": 50,
  "num_gpus": 0,
  "num_layers": 1,
  "weight_decay": 1.6331875444986774e-05
}