{
  "batch_size": 32,
  "continuous_dim": 151,
  "dropout_rate": 0.41,
  "embedding_dim": 10,
  "hidden_dim": 185,
  "lr": 0.001200047371123263,
  "num_embeddings": 17402,
  "num_epochs": 50,
  "num_gpus": 0,
  "num_layers": 4,
  "weight_decay": 0.0005837093884956462
}