{
  "batch_size": 8,
  "continuous_dim": 151,
  "dropout_rate": 0.54,
  "embedding_dim": 9,
  "hidden_dim": 125,
  "lr": 4.0171946649834726e-06,
  "num_embeddings": 17402,
  "num_epochs": 50,
  "num_gpus": 0,
  "num_layers": 4,
  "weight_decay": 0.00019333800573476093
}