{
  "batch_size": 32,
  "continuous_dim": 151,
  "dropout_rate": 0.5,
  "embedding_dim": 8,
  "hidden_dim": 175,
  "lr": 8.230568132469839e-05,
  "num_embeddings": 17402,
  "num_epochs": 50,
  "num_gpus": 0,
  "num_layers": 2,
  "weight_decay": 1.0319445700687631e-06
}