{
  "batch_size": 256,
  "continuous_dim": 151,
  "dropout_rate": 0.39,
  "embedding_dim": 7,
  "hidden_dim": 145,
  "lr": 0.0031090707109773827,
  "num_embeddings": 17402,
  "num_epochs": 50,
  "num_gpus": 0,
  "num_layers": 1,
  "weight_decay": 2.25974987472876e-05
}