{
  "batch_size": 128,
  "continuous_dim": 151,
  "dropout_rate": 0.55,
  "embedding_dim": 3,
  "hidden_dim": 75,
  "lr": 0.00041626292221791806,
  "num_embeddings": 17402,
  "num_epochs": 50,
  "num_gpus": 0,
  "num_layers": 3,
  "weight_decay": 2.0023987981143975e-06
}