{
  "batch_size": 32,
  "continuous_dim": 151,
  "dropout_rate": 0.02,
  "embedding_dim": 9,
  "hidden_dim": 145,
  "lr": 3.705596731914931e-06,
  "num_embeddings": 17402,
  "num_epochs": 50,
  "num_gpus": 0,
  "num_layers": 3,
  "weight_decay": 8.642331220253332e-06
}