{
  "batch_size": 64,
  "continuous_dim": 151,
  "dropout_rate": 0.31,
  "embedding_dim": 8,
  "hidden_dim": 55,
  "lr": 2.7616762944134723e-05,
  "num_embeddings": 17402,
  "num_epochs": 50,
  "num_gpus": 0,
  "num_layers": 4,
  "weight_decay": 0.0004957173135448518
}