{
  "batch_size": 256,
  "continuous_dim": 151,
  "dropout_rate": 0.52,
  "embedding_dim": 8,
  "hidden_dim": 105,
  "lr": 0.00049990339202697,
  "num_embeddings": 17402,
  "num_epochs": 50,
  "num_gpus": 0,
  "num_layers": 3,
  "weight_decay": 7.121112447961766e-06
}