{
  "batch_size": 16,
  "continuous_dim": 151,
  "dropout_rate": 0.28,
  "embedding_dim": 9,
  "hidden_dim": 75,
  "lr": 5.3392529314679184e-05,
  "num_embeddings": 17402,
  "num_epochs": 50,
  "num_gpus": 0,
  "num_layers": 5,
  "weight_decay": 2.7015682579896572e-06
}