{
  "batch_size": 64,
  "continuous_dim": 151,
  "dropout_rate": 0.09,
  "embedding_dim": 1,
  "hidden_dim": 65,
  "lr": 0.0026281173392854462,
  "num_embeddings": 17402,
  "num_epochs": 50,
  "num_gpus": 0,
  "num_layers": 1,
  "weight_decay": 0.0006155944411577872
}