{
  "batch_size": 128,
  "continuous_dim": 151,
  "dropout_rate": 0.05,
  "embedding_dim": 5,
  "hidden_dim": 155,
  "lr": 1.0795116238997019e-05,
  "num_embeddings": 17402,
  "num_epochs": 50,
  "num_gpus": 0,
  "num_layers": 1,
  "weight_decay": 0.00044995355849118825
}