{
  "batch_size": 32,
  "continuous_dim": 151,
  "dropout_rate": 0.09,
  "embedding_dim": 5,
  "hidden_dim": 45,
  "lr": 0.0023651802051497034,
  "num_embeddings": 17402,
  "num_epochs": 50,
  "num_gpus": 0,
  "num_layers": 5,
  "weight_decay": 3.622546220884168e-05
}