{
  "batch_size": 256,
  "continuous_dim": 151,
  "dropout_rate": 0.51,
  "embedding_dim": 9,
  "hidden_dim": 165,
  "lr": 1.0382827830952582e-06,
  "num_embeddings": 17402,
  "num_epochs": 50,
  "num_gpus": 0,
  "num_layers": 3,
  "weight_decay": 4.5734880060572126e-05
}