{
  "batch_size": 16,
  "continuous_dim": 151,
  "dropout_rate": 0.28,
  "embedding_dim": 2,
  "hidden_dim": 135,
  "lr": 2.6947306469269722e-05,
  "num_embeddings": 17402,
  "num_epochs": 50,
  "num_gpus": 0,
  "num_layers": 1,
  "weight_decay": 1.1506058284026285e-05
}