{
  "batch_size": 64,
  "continuous_dim": 151,
  "dropout_rate": 0.01,
  "embedding_dim": 6,
  "hidden_dim": 55,
  "lr": 2.0340078813256355e-05,
  "num_embeddings": 17402,
  "num_epochs": 50,
  "num_gpus": 0,
  "num_layers": 1,
  "weight_decay": 0.000986727504844112
}