{
  "batch_size": 8,
  "continuous_dim": 151,
  "dropout_rate": 0.45,
  "embedding_dim": 10,
  "hidden_dim": 95,
  "lr": 0.005867976413619212,
  "num_embeddings": 17402,
  "num_epochs": 50,
  "num_gpus": 0,
  "num_layers": 5,
  "weight_decay": 0.00014377326388971526
}