{
  "batch_size": 8,
  "continuous_dim": 151,
  "dropout_rate": 0.55,
  "embedding_dim": 8,
  "hidden_dim": 175,
  "lr": 1.580362004284193e-05,
  "num_embeddings": 17402,
  "num_epochs": 50,
  "num_gpus": 0,
  "num_layers": 2,
  "weight_decay": 0.00010974520974104468
}