{
  "batch_size": 64,
  "continuous_dim": 151,
  "dropout_rate": 0.12,
  "embedding_dim": 7,
  "hidden_dim": 185,
  "lr": 0.005542186127013882,
  "num_embeddings": 17402,
  "num_epochs": 50,
  "num_gpus": 0,
  "num_layers": 3,
  "weight_decay": 1.7832591623503947e-06
}