{
  "batch_size": 64,
  "continuous_dim": 151,
  "dropout_rate": 0.49,
  "embedding_dim": 4,
  "hidden_dim": 145,
  "lr": 1.1563035426549432e-06,
  "num_embeddings": 17402,
  "num_epochs": 50,
  "num_gpus": 0,
  "num_layers": 3,
  "weight_decay": 0.00014663538392278215
}