{
  "batch_size": 256,
  "continuous_dim": 151,
  "dropout_rate": 0.17,
  "embedding_dim": 2,
  "hidden_dim": 155,
  "lr": 2.1097059173123515e-05,
  "num_embeddings": 17402,
  "num_epochs": 50,
  "num_gpus": 0,
  "num_layers": 2,
  "weight_decay": 6.830447836957178e-05
}