{
  "batch_size": 128,
  "continuous_dim": 151,
  "dropout_rate": 0.01,
  "embedding_dim": 4,
  "hidden_dim": 35,
  "lr": 0.00393452407774168,
  "num_embeddings": 17402,
  "num_epochs": 50,
  "num_gpus": 0,
  "num_layers": 1,
  "weight_decay": 3.8230565493994254e-05
}