{
  "batch_size": 8,
  "continuous_dim": 151,
  "dropout_rate": 0.08,
  "embedding_dim": 10,
  "hidden_dim": 65,
  "lr": 0.0001690207436545391,
  "num_embeddings": 17402,
  "num_epochs": 50,
  "num_gpus": 0,
  "num_layers": 4,
  "weight_decay": 5.337704537361765e-05
}