{
  "batch_size": 64,
  "continuous_dim": 151,
  "dropout_rate": 0.45,
  "embedding_dim": 6,
  "hidden_dim": 125,
  "lr": 0.00974744407762324,
  "num_embeddings": 17402,
  "num_epochs": 50,
  "num_gpus": 0,
  "num_layers": 4,
  "weight_decay": 9.259658451895335e-05
}