{
  "batch_size": 256,
  "continuous_dim": 151,
  "dropout_rate": 0.2,
  "embedding_dim": 7,
  "hidden_dim": 185,
  "lr": 4.127397646029616e-05,
  "num_embeddings": 17402,
  "num_epochs": 50,
  "num_gpus": 0,
  "num_layers": 3,
  "weight_decay": 5.669652905678613e-05
}