{
  "batch_size": 8,
  "continuous_dim": 151,
  "dropout_rate": 0.09,
  "embedding_dim": 1,
  "hidden_dim": 5,
  "lr": 0.00022570037892993405,
  "num_embeddings": 17402,
  "num_epochs": 50,
  "num_gpus": 0,
  "num_layers": 1,
  "weight_decay": 8.280585663013466e-05
}