{
  "batch_size": 64,
  "continuous_dim": 151,
  "dropout_rate": 0.31,
  "embedding_dim": 5,
  "hidden_dim": 115,
  "lr": 0.0005902791995525775,
  "num_embeddings": 17402,
  "num_epochs": 50,
  "num_gpus": 0,
  "num_layers": 2,
  "weight_decay": 0.00022663665567060944
}