{
  "batch_size": 64,
  "continuous_dim": 151,
  "dropout_rate": 0.45,
  "embedding_dim": 5,
  "hidden_dim": 105,
  "lr": 0.004904036877600748,
  "num_embeddings": 17402,
  "num_epochs": 50,
  "num_gpus": 0,
  "num_layers": 3,
  "weight_decay": 0.0007659525493826982
}