{
  "batch_size": 32,
  "continuous_dim": 151,
  "dropout_rate": 0.48,
  "embedding_dim": 2,
  "hidden_dim": 45,
  "lr": 1.1787409486293128e-06,
  "num_embeddings": 17402,
  "num_epochs": 50,
  "num_gpus": 0,
  "num_layers": 2,
  "weight_decay": 5.226659071830901e-06
}