{
  "batch_size": 256,
  "continuous_dim": 151,
  "dropout_rate": 0.06,
  "embedding_dim": 6,
  "hidden_dim": 195,
  "lr": 7.145909996885021e-06,
  "num_embeddings": 17402,
  "num_epochs": 50,
  "num_gpus": 0,
  "num_layers": 2,
  "weight_decay": 0.00011611987214630056
}