{
  "batch_size": 256,
  "continuous_dim": 151,
  "dropout_rate": 0.28,
  "embedding_dim": 3,
  "hidden_dim": 155,
  "lr": 0.0004394992123075831,
  "num_embeddings": 17402,
  "num_epochs": 50,
  "num_gpus": 0,
  "num_layers": 2,
  "weight_decay": 1.8085523730656493e-05
}