{
  "batch_size": 16,
  "continuous_dim": 151,
  "dropout_rate": 0.02,
  "embedding_dim": 1,
  "hidden_dim": 65,
  "lr": 0.0016429389979256128,
  "num_embeddings": 17402,
  "num_epochs": 50,
  "num_gpus": 0,
  "num_layers": 5,
  "weight_decay": 0.00010194258855582695
}