{
  "batch_size": 64,
  "continuous_dim": 151,
  "dropout_rate": 0.41,
  "embedding_dim": 8,
  "hidden_dim": 105,
  "lr": 0.0006356198435564409,
  "num_embeddings": 17402,
  "num_epochs": 50,
  "num_gpus": 0,
  "num_layers": 4,
  "weight_decay": 0.00013266980431715343
}