{
  "batch_size": 64,
  "continuous_dim": 151,
  "dropout_rate": 0.28,
  "embedding_dim": 2,
  "hidden_dim": 75,
  "lr": 0.0007584175542249329,
  "num_embeddings": 17402,
  "num_epochs": 50,
  "num_gpus": 0,
  "num_layers": 4,
  "weight_decay": 2.0822821355726584e-05
}