{
  "batch_size": 16,
  "continuous_dim": 151,
  "dropout_rate": 0.52,
  "embedding_dim": 1,
  "hidden_dim": 25,
  "lr": 0.006999400525494895,
  "num_embeddings": 17402,
  "num_epochs": 50,
  "num_gpus": 0,
  "num_layers": 1,
  "weight_decay": 2.1686891368144193e-06
}