{
  "batch_size": 256,
  "continuous_dim": 151,
  "dropout_rate": 0.45,
  "embedding_dim": 8,
  "hidden_dim": 195,
  "lr": 9.139050359066357e-06,
  "num_embeddings": 17402,
  "num_epochs": 50,
  "num_gpus": 0,
  "num_layers": 4,
  "weight_decay": 2.230918051057121e-06
}