{
  "batch_size": 32,
  "continuous_dim": 151,
  "dropout_rate": 0.21,
  "embedding_dim": 7,
  "hidden_dim": 45,
  "lr": 0.00041251044688950857,
  "num_embeddings": 17402,
  "num_epochs": 50,
  "num_gpus": 0,
  "num_layers": 2,
  "weight_decay": 3.4553719205232705e-06
}