{
  "batch_size": 64,
  "continuous_dim": 151,
  "dropout_rate": 0.54,
  "embedding_dim": 2,
  "hidden_dim": 105,
  "lr": 0.00011345832861297515,
  "num_embeddings": 17402,
  "num_epochs": 50,
  "num_gpus": 0,
  "num_layers": 3,
  "weight_decay": 2.6270809500669334e-05
}