{
  "batch_size": 128,
  "continuous_dim": 151,
  "dropout_rate": 0.12,
  "embedding_dim": 8,
  "hidden_dim": 75,
  "lr": 5.37322016464684e-05,
  "num_embeddings": 17402,
  "num_epochs": 50,
  "num_gpus": 0,
  "num_layers": 3,
  "weight_decay": 3.2251773000897413e-06
}