{
  "batch_size": 128,
  "continuous_dim": 151,
  "dropout_rate": 0.37,
  "embedding_dim": 1,
  "hidden_dim": 175,
  "lr": 4.586164774078347e-05,
  "num_embeddings": 17402,
  "num_epochs": 50,
  "num_gpus": 0,
  "num_layers": 3,
  "weight_decay": 1.789193437681056e-06
}