{
  "batch_size": 32,
  "continuous_dim": 151,
  "dropout_rate": 0.43,
  "embedding_dim": 10,
  "hidden_dim": 45,
  "lr": 8.334836926938279e-05,
  "num_embeddings": 17402,
  "num_epochs": 50,
  "num_gpus": 0,
  "num_layers": 3,
  "weight_decay": 1.9248023849326884e-05
}