{
  "batch_size": 8,
  "continuous_dim": 151,
  "dropout_rate": 0.19,
  "embedding_dim": 8,
  "hidden_dim": 165,
  "lr": 0.0001619929300903771,
  "num_embeddings": 17402,
  "num_epochs": 50,
  "num_gpus": 0,
  "num_layers": 5,
  "weight_decay": 2.0099749124843052e-05
}