{
  "batch_size": 64,
  "continuous_dim": 151,
  "dropout_rate": 0.32,
  "embedding_dim": 1,
  "hidden_dim": 75,
  "lr": 0.004901185113616246,
  "num_embeddings": 17402,
  "num_epochs": 50,
  "num_gpus": 0,
  "num_layers": 3,
  "weight_decay": 1.223956449761785e-05
}