{
  "batch_size": 128,
  "continuous_dim": 151,
  "dropout_rate": 0.01,
  "embedding_dim": 4,
  "hidden_dim": 155,
  "lr": 9.660589332397413e-06,
  "num_embeddings": 17402,
  "num_epochs": 50,
  "num_gpus": 0,
  "num_layers": 3,
  "weight_decay": 9.52737475585492e-05
}