{
  "batch_size": 32,
  "continuous_dim": 151,
  "dropout_rate": 0.15,
  "embedding_dim": 4,
  "hidden_dim": 45,
  "lr": 0.00010832354367985072,
  "num_embeddings": 17402,
  "num_epochs": 50,
  "num_gpus": 0,
  "num_layers": 4,
  "weight_decay": 7.634016166505136e-06
}