{
  "batch_size": 256,
  "continuous_dim": 151,
  "dropout_rate": 0.25,
  "embedding_dim": 3,
  "hidden_dim": 175,
  "lr": 1.1038853966466565e-05,
  "num_embeddings": 17402,
  "num_epochs": 50,
  "num_gpus": 0,
  "num_layers": 3,
  "weight_decay": 2.077816759406158e-05
}