{
  "batch_size": 16,
  "continuous_dim": 151,
  "dropout_rate": 0.03,
  "embedding_dim": 3,
  "hidden_dim": 25,
  "lr": 8.312849508995992e-05,
  "num_embeddings": 17402,
  "num_epochs": 50,
  "num_gpus": 0,
  "num_layers": 4,
  "weight_decay": 2.2351987175528825e-05
}