{
  "batch_size": 16,
  "continuous_dim": 151,
  "dropout_rate": 0.37,
  "embedding_dim": 7,
  "hidden_dim": 195,
  "lr": 1.2594046268397855e-06,
  "num_embeddings": 17402,
  "num_epochs": 50,
  "num_gpus": 0,
  "num_layers": 2,
  "weight_decay": 2.567974392691496e-06
}