{
  "batch_size": 128,
  "continuous_dim": 151,
  "dropout_rate": 0.35,
  "embedding_dim": 7,
  "hidden_dim": 195,
  "lr": 0.0014061133105824344,
  "num_embeddings": 17402,
  "num_epochs": 50,
  "num_gpus": 0,
  "num_layers": 2,
  "weight_decay": 2.340351850034369e-06
}