{
  "batch_size": 32,
  "continuous_dim": 151,
  "dropout_rate": 0.51,
  "embedding_dim": 1,
  "hidden_dim": 185,
  "lr": 2.6023102935542544e-05,
  "num_embeddings": 17402,
  "num_epochs": 50,
  "num_gpus": 0,
  "num_layers": 2,
  "weight_decay": 6.483437436238288e-06
}