{
  "batch_size": 128,
  "continuous_dim": 151,
  "dropout_rate": 0.26,
  "embedding_dim": 5,
  "hidden_dim": 75,
  "lr": 0.0008620070124289399,
  "num_embeddings": 17402,
  "num_epochs": 50,
  "num_gpus": 0,
  "num_layers": 1,
  "weight_decay": 3.407593603350388e-05
}